event_number,event_name,event_gender,event_distance,event_stroke,is_relay,is_diving,place,name,year,team,relay_letter,finals_time,finals_seconds,points,time_standard,is_exhibition,is_dq,is_scratch,dq_reason,splits,relay_swimmers
1,Women 200 Medley Relay,Women,200,Medley,True,False,1.0,GTCH-GA,,GTCH-GA,A,1:38.27,98.27000000000001,11.0,,False,False,False,,"[24.46, 27.95, 23.46, 22.4]","[('Rothwell, Vivien E', 'JR', 1), ('Deedy, Anne', 'SR', 2), ('Stanisavljevic, Nina', 'SO', 3), ('Hadjiloizou, Anna', 'SR', 4)]"
1,Women 200 Medley Relay,Women,200,Medley,True,False,2.0,SCAR-SC,,SCAR-SC,A,1:38.57,98.57,4.0,,False,False,False,,"[25.54, 27.4, 23.52, 22.11]","[('Grimley, Taylor O', 'SO', 1), ('Scholes, Dylan A', 'SR', 2)]"
1,Women 200 Medley Relay,Women,200,Medley,True,False,3.0,SCAR-SC,,SCAR-SC,B,1:39.33,99.33,2.0,,False,False,False,,"[25.62, 27.82, 23.7, 22.19]","[('Maholic, Megan E', 'SR', 1), ('Kudela, Caroline R', 'SR', 2), ('Chan, Samantha S', 'SO', 3), ('West, Kara', 'JR', 4)]"
1,Women 200 Medley Relay,Women,200,Medley,True,False,4.0,GTCH-GA,,GTCH-GA,B,1:39.83,99.83,,,False,False,False,,"[25.55, 28.06, 23.87, 22.35]","[('Wright, Phoebe', 'SR', 1), ('Smith, Annabel', 'FR', 2), ('Masud, Zara', 'SO', 3), ('Ferrari, Jillian D', 'JR', 4)]"
1,Women 200 Medley Relay,Women,200,Medley,True,False,5.0,SCAR-SC,,SCAR-SC,C,1:40.49,100.49000000000001,,,True,False,False,,"[25.46, 28.37, 23.74, 22.92]","[('Buehler, Katie', 'SO', 1), ('Dalton, Alexis S', 'FR', 2), ('Agliano, Jordan F', 'SR', 3), ('Eaton, Emily T', 'JR', 4)]"
2,Men 200 Medley Relay,Men,200,Medley,True,False,1.0,GTCH-GA,,GTCH-GA,A,1:25.93,85.93,11.0,,False,False,False,,"[21.71, 24.07, 20.8, 19.35]","[('Balduccini, Ricky', 'JR', 1), ('Caballero, Joao', 'SR', 2), ('Jones, Stephen R', 'SR', 3), ('Yeboah, Robin', 'JR', 4)]"
2,Men 200 Medley Relay,Men,200,Medley,True,False,2.0,SCAR-SC,,SCAR-SC,A,1:26.03,86.03,4.0,,False,False,False,,"[21.85, 23.93, 20.45, 19.8]","[('Hufford, Ryan G', 'JR', 1), ('Agustsson, Einar', None, 2), ('Usmonov, Eldor', 'GS', 3), ('Buck, Quinn O', 'SR', 4)]"
2,Men 200 Medley Relay,Men,200,Medley,True,False,3.0,GTCH-GA,,GTCH-GA,B,1:27.88,87.88,2.0,,False,False,False,,"[22.77, 24.39, 21.18, 19.54]","[('Richardson, Chris E', 'SR', 1), ('Killius, Julian', 'SR', 2), ('Johnson, Brodie', 'SO', 3), ('Sega, Vitor', 'JR', 4)]"
2,Men 200 Medley Relay,Men,200,Medley,True,False,4.0,SCAR-SC,,SCAR-SC,B,1:29.48,89.48,,,False,False,False,,"[22.55, 24.91, 22.05, 19.97]","[('Brown, Sam J', 'JR', 1), ('Freeman, Harvey', 'SR', 2), ('Hulbert, Gage M', 'SR', 3), ('Harrison, Bexon D', 'FR', 4)]"
3,Women 1000 Freestyle,Women,1000,Freestyle,False,False,1.0,"Fluck, Nora",SO,SCAR-SC,,9:44.73,584.73,9.0,,False,False,False,,"[27.55, 29.62, 29.87, 29.67, 29.71, 29.72, 29.68, 29.86, 29.55, 29.47, 29.47, 29.28, 29.41, 29.29, 29.07, 29.02, 28.77, 28.87, 28.85, 28.0]",[]
3,Women 1000 Freestyle,Women,1000,Freestyle,False,False,2.0,"Reiser, Emma",SO,SCAR-SC,,9:46.17,586.17,4.0,,False,False,False,,"[27.46, 29.67, 29.69, 29.59, 29.71, 29.72, 29.74, 29.95, 30.15, 29.86, 29.6, 29.6, 29.27, 29.21, 29.14, 29.05, 29.2, 28.95, 29.12, 27.49]",[]
3,Women 1000 Freestyle,Women,1000,Freestyle,False,False,3.0,"Daniels, Grace O",JR,SCAR-SC,,10:11.62,611.62,3.0,,False,False,False,,"[27.78, 30.1, 30.29, 30.4, 30.57, 30.6, 30.56, 30.8, 30.89, 30.77, 30.75, 30.84, 30.92, 31.09, 31.13, 31.04, 31.01, 30.99, 30.96, 30.13]",[]
3,Women 1000 Freestyle,Women,1000,Freestyle,False,False,4.0,"Ozdemir, Ela N",SO,GTCH-GA,,10:16.08,616.08,2.0,,False,False,False,,"[27.87, 30.58, 30.44, 30.94, 30.83, 30.7, 30.97, 31.15, 31.18, 30.76, 30.6, 30.62, 30.3, 30.73, 30.42, 30.93, 31.39, 31.92, 32.15, 31.6]",[]
4,Men 1000 Freestyle,Men,1000,Freestyle,False,False,1.0,"Fry, Connor C",JR,SCAR-SC,,9:03.92,543.92,9.0,,False,False,False,,"[24.33, 26.39, 27.07, 27.24, 27.18, 27.11, 27.12, 27.34, 27.27, 27.46, 27.5, 27.85, 27.42, 27.78, 27.75, 28.01, 27.28, 27.3, 27.36, 27.16]",[]
4,Men 1000 Freestyle,Men,1000,Freestyle,False,False,2.0,"Vetkoetter, Lukas",SO,GTCH-GA,,9:13.30,553.3,4.0,,False,False,False,,"[24.14, 26.48, 27.06, 27.43, 27.45, 27.71, 27.84, 28.03, 28.07, 27.97, 28.07, 28.2, 28.1, 28.28, 28.49, 28.0, 28.19, 28.3, 28.18, 27.31]",[]
4,Men 1000 Freestyle,Men,1000,Freestyle,False,False,3.0,"Turner, Ryan",SO,SCAR-SC,,9:15.56,555.56,3.0,,False,False,False,,"[25.19, 27.28, 27.78, 27.93, 28.15, 28.4, 28.34, 28.26, 28.4, 28.41, 27.91, 27.85, 27.84, 28.1, 27.96, 27.72, 27.72, 27.74, 27.34, 27.24]",[]
4,Men 1000 Freestyle,Men,1000,Freestyle,False,False,4.0,"Prosinski, Raymon P",JR,SCAR-SC,,9:17.07,557.07,2.0,,False,False,False,,"[24.67, 27.2, 27.58, 27.94, 28.13, 27.88, 28.3, 28.29, 28.44, 28.24, 28.25, 28.21, 28.34, 28.61, 28.64, 28.35, 28.04, 27.9, 27.73, 26.33]",[]
4,Men 1000 Freestyle,Men,1000,Freestyle,False,False,5.0,"Perks, Charles",SR,GTCH-GA,,9:17.18,557.18,1.0,,False,False,False,,"[25.17, 26.72, 27.71, 28.17, 28.27, 28.35, 28.37, 28.53, 28.43, 28.59, 28.35, 28.43, 28.56, 28.39, 28.26, 28.11, 27.71, 27.3, 27.35, 26.41]",[]
5,Women 200 Freestyle,Women,200,Freestyle,False,False,1.0,"Gyurinovics, Lili",SO,GTCH-GA,,1:46.48,106.47999999999999,,B,False,False,False,,"[25.01, 27.01, 27.45, 27.01]",[]
5,Women 200 Freestyle,Women,200,Freestyle,False,False,2.0,"Ottem, Ellery",JR,SCAR-SC,,1:46.61,106.61,,B,False,False,False,,"[25.19, 27.0, 27.4, 27.02]",[]
5,Women 200 Freestyle,Women,200,Freestyle,False,False,3.0,"Gormley, Breckin F",SR,SCAR-SC,,1:46.96,106.96000000000001,,B,False,False,False,,"[25.12, 26.8, 27.53, 27.51]",[]
5,Women 200 Freestyle,Women,200,Freestyle,False,False,4.0,"Wright, Phoebe",SR,GTCH-GA,,1:47.63,107.63,2.0,,False,False,False,,"[25.31, 27.14, 27.51, 27.67]",[]
5,Women 200 Freestyle,Women,200,Freestyle,False,False,5.0,"Luper, So(cid:976)ia L",FR,SCAR-SC,,1:48.02,108.02000000000001,1.0,,False,False,False,,"[25.48, 27.03, 27.67, 27.84]",[]
5,Women 200 Freestyle,Women,200,Freestyle,False,False,6.0,"Alderman, Lily M",SO,GTCH-GA,,1:53.35,113.35,,,False,False,False,,"[26.98, 28.19, 28.98, 29.2]",[]
6,Men 200 Freestyle,Men,200,Freestyle,False,False,1.0,"Largeron, Pierre",JR,SCAR-SC,,1:35.09,95.09,,B,False,False,False,,"[22.3, 24.48, 24.19, 24.12]",[]
6,Men 200 Freestyle,Men,200,Freestyle,False,False,2.0,"Sega, Vitor",JR,GTCH-GA,,1:35.82,95.82,4.0,,False,False,False,,"[22.3, 23.96, 24.71, 24.85]",[]
6,Men 200 Freestyle,Men,200,Freestyle,False,False,3.0,"Harrison, Bexon D",FR,SCAR-SC,,1:35.88,95.88,3.0,,False,False,False,,"[21.88, 24.24, 24.95, 24.81]",[]
6,Men 200 Freestyle,Men,200,Freestyle,False,False,4.0,"Korvick, Kyle A",SR,SCAR-SC,,1:38.37,98.37,2.0,,False,False,False,,"[22.64, 25.04, 25.49, 25.2]",[]
6,Men 200 Freestyle,Men,200,Freestyle,False,False,5.0,"Gerhard, Ben M",SR,GTCH-GA,,1:39.78,99.78,1.0,,False,False,False,,"[22.81, 25.37, 26.03, 25.57]",[]
6,Men 200 Freestyle,Men,200,Freestyle,False,False,6.0,"Whittall, Anthony SGO",,SCAR-SC,,1:41.29,101.28999999999999,,,True,False,False,,"[22.85, 25.16, 26.42, 26.86]",[]
7,Women 100 Back,Women,100,Back,False,False,1.0,"Rothwell, Vivien E",JR,GTCH-GA,,52.53,52.53,,B,False,False,False,,"[25.09, 27.44]",[]
7,Women 100 Back,Women,100,Back,False,False,2.0,"Riordan, Amy L",SR,SCAR-SC,,52.68,52.68,,B,False,False,False,,"[25.45, 27.23]",[]
7,Women 100 Back,Women,100,Back,False,False,3.0,"Ferrari, Jillian D",JR,GTCH-GA,,53.94,53.94,3.0,,False,False,False,,"[26.21, 27.73]",[]
7,Women 100 Back,Women,100,Back,False,False,4.0,"Maholic, Megan E",SR,SCAR-SC,,54.94,54.94,2.0,,False,False,False,,"[26.32, 28.62]",[]
7,Women 100 Back,Women,100,Back,False,False,5.0,"Buehler, Katie",SO,SCAR-SC,,54.98,54.98,1.0,,False,False,False,,"[26.57, 28.41]",[]
7,Women 100 Back,Women,100,Back,False,False,6.0,"Chasser, Caroline S",JR,SCAR-SC,,55.76,55.76,,,True,False,False,,"[27.28, 28.48]",[]
7,Women 100 Back,Women,100,Back,False,False,7.0,"Segal, Yuval",FR,GTCH-GA,,57.33,57.33,,,False,False,False,,"[27.71, 29.62]",[]
8,Men 100 Back,Men,100,Back,False,False,1.0,"Balduccini, Ricky",JR,GTCH-GA,,46.59,46.59,,B,False,False,False,,"[22.78, 23.81]",[]
8,Men 100 Back,Men,100,Back,False,False,2.0,"Hufford, Ryan G",JR,SCAR-SC,,47.17,47.17,,B,False,False,False,,"[22.73, 24.44]",[]
8,Men 100 Back,Men,100,Back,False,False,3.0,"Ficher, Merlin",FR,SCAR-SC,,48.13,48.13,3.0,,False,False,False,,"[23.49, 24.64]",[]
8,Men 100 Back,Men,100,Back,False,False,4.0,"Richardson, Chris SER",,GTCH-GA,,48.44,48.44,2.0,,False,False,False,,"[23.46, 24.98]",[]
8,Men 100 Back,Men,100,Back,False,False,5.0,"Brown, Sam J",JR,SCAR-SC,,49.18,49.18,1.0,,False,False,False,,"[23.48, 25.7]",[]
8,Men 100 Back,Men,100,Back,False,False,6.0,"Whitacre, Tyler H",SO,SCAR-SC,,50.48,50.48,,,True,False,False,,"[23.99, 26.49]",[]
9,Women 100 Breast,Women,100,Breast,False,False,1.0,"Dalton, Alexis S",FR,SCAR-SC,,1:01.69,61.69,9.0,,False,False,False,,"[29.18, 32.51]",[]
9,Women 100 Breast,Women,100,Breast,False,False,2.0,"Kudela, Caroline R",SR,SCAR-SC,,1:02.06,62.06,4.0,,False,False,False,,"[29.05, 33.01]",[]
9,Women 100 Breast,Women,100,Breast,False,False,3.0,"Deedy, Anne",SR,GTCH-GA,,1:02.30,62.3,3.0,,False,False,False,,"[29.77, 32.53]",[]
9,Women 100 Breast,Women,100,Breast,False,False,4.0,"Smith, Annabel",FR,GTCH-GA,,1:02.49,62.49,2.0,,False,False,False,,"[29.41, 33.08]",[]
9,Women 100 Breast,Women,100,Breast,False,False,5.0,"Chunn, Kendal A",SR,GTCH-GA,,1:02.72,62.72,1.0,,False,False,False,,"[29.58, 33.14]",[]
9,Women 100 Breast,Women,100,Breast,False,False,6.0,"Yacoviello, Molly E",FR,SCAR-SC,,1:02.73,62.73,,,False,False,False,,"[29.87, 32.86]",[]
9,Women 100 Breast,Women,100,Breast,False,False,7.0,"Brown, Allison",SR,GTCH-GA,,1:15.22,75.22,,,True,False,False,,"[34.75, 40.47]",[]
9,Women 100 Breast,Women,100,Breast,False,False,,"Goodwin-Birnie, E.",,SCAR-SC,,1:01.20,61.2,,B,True,False,False,,"[28.64, 32.56]",[]
9,Women 100 Breast,Women,100,Breast,False,False,,"Franklin, Delaney M",JR,SCAR-SC,,1:02.37,62.37,,,True,False,False,,"[29.89, 32.48]",[]
9,Women 100 Breast,Women,100,Breast,False,False,,"Taivassalo, Kesa",FR,SCAR-SC,,1:03.81,63.81,,,True,False,False,,"[30.13, 33.68]",[]
10,Men 100 Breast,Men,100,Breast,False,False,1.0,"Agustsson, Einar",,SCAR-SC,,52.36,52.36,,B,False,False,False,,"[24.52, 27.84]",[]
10,Men 100 Breast,Men,100,Breast,False,False,2.0,"Killius, Julian",SR,GTCH-GA,,53.97,53.97,4.0,,False,False,False,,"[25.09, 28.88]",[]
10,Men 100 Breast,Men,100,Breast,False,False,3.0,"Caballero, Joao",SR,GTCH-GA,,54.11,54.11,3.0,,False,False,False,,"[25.16, 28.95]",[]
10,Men 100 Breast,Men,100,Breast,False,False,4.0,"Uhl, Tobin",FR,GTCH-GA,,54.96,54.96,2.0,,False,False,False,,"[25.89, 29.07]",[]
10,Men 100 Breast,Men,100,Breast,False,False,5.0,"Freeman, Harvey",SR,SCAR-SC,,55.99,55.99,1.0,,False,False,False,,"[25.68, 30.31]",[]
10,Men 100 Breast,Men,100,Breast,False,False,6.0,"Cooper, Michael",SR,SCAR-SC,,56.93,56.93,,,False,False,False,,"[26.66, 30.27]",[]
10,Men 100 Breast,Men,100,Breast,False,False,7.0,"Carman, Jack T",SR,SCAR-SC,,57.04,57.04,,,True,False,False,,"[26.04, 31.0]",[]
11,Women 200 Fly,Women,200,Fly,False,False,1.0,"Agliano, Jordan F",SR,SCAR-SC,,1:54.87,114.87,,B,False,False,False,,"[26.52, 29.43, 29.27, 29.65]",[]
11,Women 200 Fly,Women,200,Fly,False,False,2.0,"Grimley, Taylor O",SO,SCAR-SC,,1:57.78,117.78,,B,False,False,False,,"[26.22, 30.07, 31.16, 30.33]",[]
11,Women 200 Fly,Women,200,Fly,False,False,3.0,"Masud, Zara",SO,GTCH-GA,,1:58.27,118.27000000000001,,B,False,False,False,,"[26.28, 30.11, 30.99, 30.89]",[]
11,Women 200 Fly,Women,200,Fly,False,False,4.0,"Abruzzo, Tori P",FR,SCAR-SC,,1:58.60,118.6,,B,False,False,False,,"[26.66, 29.95, 30.69, 31.3]",[]
11,Women 200 Fly,Women,200,Fly,False,False,5.0,"Webb, Maria",FR,GTCH-GA,,2:03.88,123.88,1.0,,False,False,False,,"[27.44, 30.93, 31.83, 33.68]",[]
11,Women 200 Fly,Women,200,Fly,False,False,,"Chan, Samantha S",SO,SCAR-SC,,2:00.18,120.18,,,True,False,False,,"[26.94, 30.23, 30.8, 32.21]",[]
12,Men 200 Fly,Men,200,Fly,False,False,1.0,"Erturk, Berk B",FR,GTCH-GA,,1:43.94,103.94,,B,False,False,False,,"[23.1, 26.07, 27.06, 27.71]",[]
12,Men 200 Fly,Men,200,Fly,False,False,2.0,"Hulbert, Gage M",SR,SCAR-SC,,1:45.50,105.5,,B,False,False,False,,"[23.56, 26.79, 27.32, 27.83]",[]
12,Men 200 Fly,Men,200,Fly,False,False,3.0,"Gibbs, Henry C",JR,GTCH-GA,,1:46.45,106.45,3.0,,False,False,False,,"[24.06, 27.09, 27.33, 27.97]",[]
12,Men 200 Fly,Men,200,Fly,False,False,4.0,"Johnson, Brodie",SO,GTCH-GA,,1:50.63,110.63,2.0,,False,False,False,,"[23.7, 27.47, 29.13, 30.33]",[]
12,Men 200 Fly,Men,200,Fly,False,False,5.0,"Turner, Ryan",SO,SCAR-SC,,1:51.33,111.33,1.0,,False,False,False,,"[24.72, 28.15, 29.1, 29.36]",[]
13,Women 50 Freestyle,Women,50,Freestyle,False,False,1.0,"West, Kara",JR,SCAR-SC,,22.59,22.59,,B,False,False,False,,[],[]
13,Women 50 Freestyle,Women,50,Freestyle,False,False,2.0,"Stanisavljevic, Nin SaO",,GTCH-GA,,22.69,22.69,4.0,,False,False,False,,[],[]
13,Women 50 Freestyle,Women,50,Freestyle,False,False,3.0,"Hadjiloizou, Anna",SR,GTCH-GA,,22.72,22.72,3.0,,False,False,False,,[],[]
13,Women 50 Freestyle,Women,50,Freestyle,False,False,4.0,"Scholes, Dylan A",SR,SCAR-SC,,22.84,22.84,2.0,,False,False,False,,[],[]
13,Women 50 Freestyle,Women,50,Freestyle,False,False,5.0,"Eaton, Emily T",JR,SCAR-SC,,23.39,23.39,1.0,,False,False,False,,[],[]
13,Women 50 Freestyle,Women,50,Freestyle,False,False,6.0,"Gyurinovics, Lili",SO,GTCH-GA,,23.46,23.46,,,False,False,False,,[],[]
14,Men 50 Freestyle,Men,50,Freestyle,False,False,1.0,"Yeboah, Robin",JR,GTCH-GA,,19.74,19.74,,B,False,False,False,,[],[]
14,Men 50 Freestyle,Men,50,Freestyle,False,False,2.0,"Usmonov, Eldor",GS,SCAR-SC,,20.07,20.07,4.0,,False,False,False,,[],[]
14,Men 50 Freestyle,Men,50,Freestyle,False,False,3.0,"Buck, Quinn O",SR,SCAR-SC,,20.47,20.47,3.0,,False,False,False,,[],[]
14,Men 50 Freestyle,Men,50,Freestyle,False,False,4.0,"Largeron, Pierre",JR,SCAR-SC,,20.52,20.52,2.0,,False,False,False,,[],[]
14,Men 50 Freestyle,Men,50,Freestyle,False,False,5.0,"Jones, Stephen R",SR,GTCH-GA,,20.59,20.59,1.0,,False,False,False,,[],[]
14,Men 50 Freestyle,Men,50,Freestyle,False,False,6.0,"Korvick, Kyle A",SR,SCAR-SC,,21.31,21.31,,,True,False,False,,[],[]
15,Women 1m Diving,Women,1,Diving,False,True,1.0,"Verzyl, Sophie G",JR,SCAR-SC,,320.33,320.33,9.0,,False,False,False,,[],[]
15,Women 1m Diving,Women,1,Diving,False,True,2.0,"Rockefeller, Elisab",,GTCH-GA,,268.80,268.8,4.0,,False,False,False,,[],[]
15,Women 1m Diving,Women,1,Diving,False,True,3.0,"Zuechner, Aislinn",SO,SCAR-SC,,248.70,248.7,3.0,,False,False,False,,[],[]
15,Women 1m Diving,Women,1,Diving,False,True,4.0,"McKyton, Katie",SR,GTCH-GA,,239.18,239.18,2.0,,False,False,False,,[],[]
15,Women 1m Diving,Women,1,Diving,False,True,5.0,"Gilroy, Ava",,GTCH-GA,,236.93,236.93,1.0,,False,False,False,,[],[]
15,Women 1m Diving,Women,1,Diving,False,True,6.0,"Patterson, Reagan",SO,SCAR-SC,,233.63,233.63,,,False,False,False,,[],[]
15,Women 1m Diving,Women,1,Diving,False,True,7.0,"Brooker, Katherin e",SO,GTCH-GA,,201.60,201.6,,,True,False,False,,[],[]
15,Women 1m Diving,Women,1,Diving,False,True,,"Powley, Elizabeth",JR,GTCH-GA,,SCR,,,,False,False,True,,[],[]
16,Men 1m Diving,Men,1,Diving,False,True,1.0,"Fowler, Max",JR,GTCH-GA,,394.05,394.05,9.0,,False,False,False,,[],[]
16,Men 1m Diving,Men,1,Diving,False,True,2.0,"Bayer, Charles",SR,SCAR-SC,,333.98,333.98,4.0,,False,False,False,,[],[]
16,Men 1m Diving,Men,1,Diving,False,True,,"Klier, Elijah",SR,GTCH-GA,,SCR,,,,False,False,True,,[],[]
17,Women 100 Freestyle,Women,100,Freestyle,False,False,1.0,"West, Kara",JR,SCAR-SC,,49.30,49.3,,B,False,False,False,,"[23.76, 25.54]",[]
17,Women 100 Freestyle,Women,100,Freestyle,False,False,2.0,"Ferrari, Jillian D",JR,GTCH-GA,,49.47,49.47,4.0,,False,False,False,,"[23.82, 25.65]",[]
17,Women 100 Freestyle,Women,100,Freestyle,False,False,3.0,"Scholes, Dylan A",SR,SCAR-SC,,49.70,49.7,3.0,,False,False,False,,"[23.79, 25.91]",[]
17,Women 100 Freestyle,Women,100,Freestyle,False,False,4.0,"Hadjiloizou, Anna",SR,GTCH-GA,,50.17,50.17,2.0,,False,False,False,,"[24.1, 26.07]",[]
17,Women 100 Freestyle,Women,100,Freestyle,False,False,5.0,"Ottem, Ellery",JR,SCAR-SC,,50.18,50.18,1.0,,False,False,False,,"[24.25, 25.93]",[]
17,Women 100 Freestyle,Women,100,Freestyle,False,False,6.0,"Luper, So(cid:976)ia L",FR,SCAR-SC,,50.24,50.24,,,True,False,False,,"[24.17, 26.07]",[]
17,Women 100 Freestyle,Women,100,Freestyle,False,False,7.0,"Ozdemir, Ela N",SO,GTCH-GA,,53.09,53.09,,,False,False,False,,"[24.87, 28.22]",[]
17,Women 100 Freestyle,Women,100,Freestyle,False,False,,"Eaton, Emily T",JR,SCAR-SC,,51.86,51.86,,,True,False,False,,"[25.15, 26.71]",[]
18,Men 100 Freestyle,Men,100,Freestyle,False,False,1.0,"Yeboah, Robin",JR,GTCH-GA,,43.45,43.45,,B,False,False,False,,"[20.75, 22.7]",[]
18,Men 100 Freestyle,Men,100,Freestyle,False,False,2.0,"Balduccini, Ricky",JR,GTCH-GA,,43.62,43.62,4.0,,False,False,False,,"[20.85, 22.77]",[]
18,Men 100 Freestyle,Men,100,Freestyle,False,False,3.0,"Hufford, Ryan G",JR,SCAR-SC,,43.87,43.87,3.0,,False,False,False,,"[21.24, 22.63]",[]
18,Men 100 Freestyle,Men,100,Freestyle,False,False,4.0,"Harrison, Bexon D",FR,SCAR-SC,,44.17,44.17,2.0,,False,False,False,,"[21.08, 23.09]",[]
18,Men 100 Freestyle,Men,100,Freestyle,False,False,5.0,"Korvick, Kyle A",SR,SCAR-SC,,46.27,46.27,1.0,,False,False,False,,"[22.14, 24.13]",[]
18,Men 100 Freestyle,Men,100,Freestyle,False,False,6.0,"Whittall, Anthony SGO",,SCAR-SC,,47.60,47.6,,,True,False,False,,"[22.54, 25.06]",[]
19,Women 200 Back,Women,200,Back,False,False,1.0,"Riordan, Amy L",SR,SCAR-SC,,1:53.16,113.16,,B,False,False,False,,"[26.8, 28.45, 28.82, 29.09]",[]
19,Women 200 Back,Women,200,Back,False,False,2.0,"Wright, Phoebe",SR,GTCH-GA,,1:53.93,113.93,,B,False,False,False,,"[27.14, 28.61, 29.05, 29.13]",[]
19,Women 200 Back,Women,200,Back,False,False,3.0,"Chasser, Caroline S",JR,SCAR-SC,,1:57.97,117.97,3.0,,False,False,False,,"[27.94, 29.77, 30.09, 30.17]",[]
19,Women 200 Back,Women,200,Back,False,False,4.0,"Abruzzo, Tori P",FR,SCAR-SC,,1:58.71,118.71000000000001,2.0,,False,False,False,,"[27.63, 29.61, 30.78, 30.69]",[]
19,Women 200 Back,Women,200,Back,False,False,5.0,"Buehler, Katie",SO,SCAR-SC,,1:59.92,119.92,,,True,False,False,,"[28.0, 29.93, 30.88, 31.11]",[]
19,Women 200 Back,Women,200,Back,False,False,6.0,"Segal, Yuval",FR,GTCH-GA,,2:01.72,121.72,1.0,,False,False,False,,"[28.82, 30.81, 30.99, 31.1]",[]
19,Women 200 Back,Women,200,Back,False,False,7.0,"Alderman, Lily M",SO,GTCH-GA,,2:05.13,125.13,,,False,False,False,,"[29.65, 31.81, 32.02, 31.65]",[]
19,Women 200 Back,Women,200,Back,False,False,,"Maholic, Megan E",SR,SCAR-SC,,2:00.04,120.04,,,True,False,False,,"[27.62, 30.54, 30.99, 30.89]",[]
19,Women 200 Back,Women,200,Back,False,False,,"Daniels, Grace O",JR,SCAR-SC,,2:05.20,125.2,,,True,False,False,,"[29.14, 31.72, 32.45, 31.89]",[]
20,Men 200 Back,Men,200,Back,False,False,1.0,"Ficher, Merlin",FR,SCAR-SC,,1:43.96,103.96000000000001,,B,False,False,False,,"[24.42, 26.3, 26.85, 26.39]",[]
20,Men 200 Back,Men,200,Back,False,False,2.0,"Richardson, Chris SER",,GTCH-GA,,1:44.57,104.57,,B,False,False,False,,"[24.83, 26.47, 26.71, 26.56]",[]
20,Men 200 Back,Men,200,Back,False,False,3.0,"Brown, Sam J",JR,SCAR-SC,,1:48.69,108.69,3.0,,False,False,False,,"[25.24, 27.08, 56.37]",[]
20,Men 200 Back,Men,200,Back,False,False,4.0,"Whitacre, Tyler H",SO,SCAR-SC,,1:49.95,109.95,2.0,,False,False,False,,"[25.49, 27.75, 28.44, 28.27]",[]
20,Men 200 Back,Men,200,Back,False,False,5.0,"Gibbs, Henry C",JR,GTCH-GA,,1:50.74,110.74000000000001,1.0,,False,False,False,,"[26.36, 27.82, 28.58, 27.98]",[]
21,Women 200 Breast,Women,200,Breast,False,False,1.0,"Franklin, Delaney M",JR,SCAR-SC,,2:11.85,131.85,,B,False,False,False,,"[30.38, 33.28, 33.93, 34.26]",[]
21,Women 200 Breast,Women,200,Breast,False,False,2.0,"Kudela, Caroline R",SR,SCAR-SC,,2:14.64,134.64,4.0,,False,False,False,,"[30.05, 33.91, 34.67, 36.01]",[]
21,Women 200 Breast,Women,200,Breast,False,False,3.0,"Yacoviello, Molly E",FR,SCAR-SC,,2:14.65,134.65,3.0,,False,False,False,,"[30.87, 34.27, 34.78, 34.73]",[]
21,Women 200 Breast,Women,200,Breast,False,False,4.0,"Deedy, Anne",SR,GTCH-GA,,2:15.40,135.4,2.0,,False,False,False,,"[31.19, 34.63, 34.9, 34.68]",[]
21,Women 200 Breast,Women,200,Breast,False,False,5.0,"Harnish, Meaghan SKR",,SCAR-SC,,2:15.60,135.6,,,True,False,False,,"[31.07, 34.3, 34.84, 35.39]",[]
21,Women 200 Breast,Women,200,Breast,False,False,6.0,"Smith, Annabel",FR,GTCH-GA,,2:19.29,139.29,1.0,,False,False,False,,"[31.05, 34.96, 36.98, 36.3]",[]
21,Women 200 Breast,Women,200,Breast,False,False,7.0,"Chunn, Kendal A",SR,GTCH-GA,,2:20.55,140.55,,,False,False,False,,"[31.11, 34.66, 36.62, 38.16]",[]
21,Women 200 Breast,Women,200,Breast,False,False,,"Taivassalo, Kesa",FR,SCAR-SC,,2:15.52,135.52,,,True,False,False,,"[30.9, 34.25, 34.94, 35.43]",[]
21,Women 200 Breast,Women,200,Breast,False,False,,"Goodwin-Birnie, E.",,SCAR-SC,,2:17.20,137.2,,,True,False,False,,"[29.83, 34.51, 36.09, 36.77]",[]
21,Women 200 Breast,Women,200,Breast,False,False,,"Dalton, Alexis S",FR,SCAR-SC,,2:17.87,137.87,,,True,False,False,,"[30.49, 34.61, 35.83, 36.94]",[]
22,Men 200 Breast,Men,200,Breast,False,False,1.0,"Agustsson, Einar",,SCAR-SC,,1:56.91,116.91,,B,False,False,False,,"[25.53, 29.97, 30.83, 30.58]",[]
22,Men 200 Breast,Men,200,Breast,False,False,2.0,"Uhl, Tobin",FR,GTCH-GA,,1:58.79,118.78999999999999,4.0,,False,False,False,,"[26.88, 29.79, 30.54, 31.58]",[]
22,Men 200 Breast,Men,200,Breast,False,False,3.0,"Freeman, Harvey",SR,SCAR-SC,,2:00.81,120.81,3.0,,False,False,False,,"[26.49, 30.78, 31.38, 32.16]",[]
22,Men 200 Breast,Men,200,Breast,False,False,4.0,"Caballero, Joao",SR,GTCH-GA,,2:01.73,121.73,2.0,,False,False,False,,"[26.38, 30.77, 32.45, 32.13]",[]
22,Men 200 Breast,Men,200,Breast,False,False,5.0,"Killius, Julian",SR,GTCH-GA,,2:03.59,123.59,1.0,,False,False,False,,"[27.47, 31.04, 32.52, 32.56]",[]
22,Men 200 Breast,Men,200,Breast,False,False,6.0,"Cooper, Michael",SR,SCAR-SC,,2:03.89,123.89,,,False,False,False,,"[27.68, 31.31, 32.1, 32.8]",[]
22,Men 200 Breast,Men,200,Breast,False,False,,"Carman, Jack T",SR,SCAR-SC,,2:09.80,129.8,,,False,True,False,Cycle: Double Pull/Kicks,"[27.69, 31.69, 34.72, 35.7]",[]
23,Women 500 Freestyle,Women,500,Freestyle,False,False,1.0,"Gormley, Breckin F",SR,SCAR-SC,,4:43.14,283.14,,B,False,False,False,,"[26.61, 28.96, 28.8, 28.84, 28.59, 28.59, 28.55, 28.62, 28.36, 27.22]",[]
23,Women 500 Freestyle,Women,500,Freestyle,False,False,2.0,"Reiser, Emma",SO,SCAR-SC,,4:46.02,286.02,,B,False,False,False,,"[26.94, 29.06, 29.09, 29.09, 28.98, 28.78, 28.92, 28.86, 28.96, 27.34]",[]
23,Women 500 Freestyle,Women,500,Freestyle,False,False,3.0,"Fluck, Nora",SO,SCAR-SC,,4:49.38,289.38,3.0,,False,False,False,,"[27.06, 28.96, 29.21, 29.18, 29.22, 29.29, 29.34, 29.31, 29.39, 28.42]",[]
23,Women 500 Freestyle,Women,500,Freestyle,False,False,4.0,"Gyurinovics, Lili",SO,GTCH-GA,,5:04.44,304.44,2.0,,False,False,False,,"[26.92, 29.24, 29.66, 30.21, 30.9, 31.44, 31.7, 32.4, 31.59, 30.38]",[]
23,Women 500 Freestyle,Women,500,Freestyle,False,False,5.0,"Brown, Allison",SR,GTCH-GA,,5:13.98,313.98,1.0,,False,False,False,,"[27.58, 30.44, 31.31, 31.78, 31.98, 32.08, 32.16, 32.33, 32.49, 31.83]",[]
24,Men 500 Freestyle,Men,500,Freestyle,False,False,1.0,"Largeron, Pierre",JR,SCAR-SC,,4:21.32,261.32,,B,False,False,False,,"[23.31, 25.59, 26.17, 26.46, 26.54, 26.71, 26.73, 27.05, 26.91, 25.85]",[]
24,Men 500 Freestyle,Men,500,Freestyle,False,False,2.0,"Fry, Connor C",JR,SCAR-SC,,4:25.28,265.28,4.0,,False,False,False,,"[23.95, 26.05, 26.8, 27.28, 27.3, 26.75, 27.37, 27.49, 26.03, 26.26]",[]
24,Men 500 Freestyle,Men,500,Freestyle,False,False,3.0,"Sega, Vitor",JR,GTCH-GA,,4:27.59,267.59,3.0,,False,False,False,,"[24.01, 26.02, 26.66, 26.89, 27.26, 27.23, 27.59, 27.91, 27.35, 26.67]",[]
24,Men 500 Freestyle,Men,500,Freestyle,False,False,4.0,"Vetkoetter, Lukas",SO,GTCH-GA,,4:28.43,268.43,2.0,,False,False,False,,"[23.76, 26.16, 26.81, 27.27, 27.48, 27.37, 27.59, 27.69, 27.69, 26.61]",[]
24,Men 500 Freestyle,Men,500,Freestyle,False,False,5.0,"Gerhard, Ben M",SR,GTCH-GA,,4:30.01,270.01,1.0,,False,False,False,,"[24.08, 26.97, 27.81, 27.98, 28.03, 27.84, 27.43, 27.59, 27.14, 25.14]",[]
24,Men 500 Freestyle,Men,500,Freestyle,False,False,6.0,"Turner, Ryan",SO,SCAR-SC,,4:30.46,270.46,,,False,False,False,,"[24.52, 26.62, 27.17, 27.63, 27.76, 27.76, 27.7, 27.74, 27.28, 26.28]",[]
24,Men 500 Freestyle,Men,500,Freestyle,False,False,7.0,"Perks, Charles",SR,GTCH-GA,,4:35.87,275.87,,,True,False,False,,"[24.93, 28.07, 28.13, 27.93, 28.27, 28.36, 28.21, 27.53]",[]
25,Women 100 Fly,Women,100,Fly,False,False,1.0,"Agliano, Jordan F",SR,SCAR-SC,,52.87,52.87,,B,False,False,False,,"[25.0, 27.87]",[]
25,Women 100 Fly,Women,100,Fly,False,False,2.0,"Grimley, Taylor O",SO,SCAR-SC,,52.95,52.95,,B,False,False,False,,"[24.99, 27.96]",[]
25,Women 100 Fly,Women,100,Fly,False,False,3.0,"Masud, Zara",SO,GTCH-GA,,52.99,52.99,,B,False,False,False,,"[24.67, 28.32]",[]
25,Women 100 Fly,Women,100,Fly,False,False,4.0,"Chan, Samantha S",SO,SCAR-SC,,53.47,53.47,,B,False,False,False,,"[25.07, 28.4]",[]
25,Women 100 Fly,Women,100,Fly,False,False,5.0,"Rothwell, Vivien E",JR,GTCH-GA,,55.12,55.12,1.0,,False,False,False,,"[25.52, 29.6]",[]
25,Women 100 Fly,Women,100,Fly,False,False,6.0,"Stanisavljevic, Nin SaO",,GTCH-GA,,55.20,55.2,,,False,False,False,,"[25.22, 29.98]",[]
26,Men 100 Fly,Men,100,Fly,False,False,1.0,"Usmonov, Eldor",GS,SCAR-SC,,46.29,46.29,,B,False,False,False,,"[21.45, 24.84]",[]
26,Men 100 Fly,Men,100,Fly,False,False,2.0,"Jones, Stephen R",SR,GTCH-GA,,46.83,46.83,,B,False,False,False,,"[21.61, 25.22]",[]
26,Men 100 Fly,Men,100,Fly,False,False,3.0,"Johnson, Brodie",SO,GTCH-GA,,48.30,48.3,3.0,,False,False,False,,"[22.34, 25.96]",[]
26,Men 100 Fly,Men,100,Fly,False,False,4.0,"Hulbert, Gage M",SR,SCAR-SC,,48.33,48.33,2.0,,False,False,False,,"[22.44, 25.89]",[]
26,Men 100 Fly,Men,100,Fly,False,False,5.0,"Erturk, Berk B",FR,GTCH-GA,,48.53,48.53,1.0,,False,False,False,,"[22.95, 25.58]",[]
26,Men 100 Fly,Men,100,Fly,False,False,6.0,"Brown, Sam J",JR,SCAR-SC,,50.26,50.26,,,False,False,False,,"[23.18, 27.08]",[]
26,Men 100 Fly,Men,100,Fly,False,False,,"Whittall, Anthony SGO",,SCAR-SC,,SCR,,,,False,False,True,,[],[]
27,Women 3m Diving,Women,3,Diving,False,True,1.0,"Verzyl, Sophie G",JR,SCAR-SC,,378.38,378.38,9.0,,False,False,False,,[],[]
27,Women 3m Diving,Women,3,Diving,False,True,2.0,"Rockefeller, Elisab",,GTCH-GA,,309.83,309.83,4.0,,False,False,False,,[],[]
27,Women 3m Diving,Women,3,Diving,False,True,3.0,"Patterson, Reagan",SO,SCAR-SC,,304.88,304.88,3.0,,False,False,False,,[],[]
27,Women 3m Diving,Women,3,Diving,False,True,4.0,"Gilroy, Ava",,GTCH-GA,,278.78,278.78,2.0,,False,False,False,,[],[]
27,Women 3m Diving,Women,3,Diving,False,True,5.0,"Brooker, Katherin e",SO,GTCH-GA,,232.43,232.43,1.0,,False,False,False,,[],[]
27,Women 3m Diving,Women,3,Diving,False,True,6.0,"Powley, Elizabeth",JR,GTCH-GA,,216.30,216.3,,,True,False,False,,[],[]
27,Women 3m Diving,Women,3,Diving,False,True,7.0,"McKyton, Katie",SR,GTCH-GA,,216.00,216.0,,,True,False,False,,[],[]
27,Women 3m Diving,Women,3,Diving,False,True,,"Zuechner, Aislinn",SO,SCAR-SC,,SCR,,,,False,False,True,,[],[]
28,Men 3m Diving,Men,3,Diving,False,True,1.0,"Fowler, Max",JR,GTCH-GA,,377.25,377.25,9.0,,False,False,False,,[],[]
28,Men 3m Diving,Men,3,Diving,False,True,2.0,"Bayer, Charles",SR,SCAR-SC,,285.30,285.3,4.0,,False,False,False,,[],[]
28,Men 3m Diving,Men,3,Diving,False,True,,"Klier, Elijah",SR,GTCH-GA,,SCR,,,,False,False,True,,[],[]
29,Women 400 IM,Women,400,IM,False,False,1.0,"Franklin, Delaney M",JR,SCAR-SC,,4:12.90,252.9,,B,False,False,False,,"[27.45, 30.97, 33.65, 33.31, 34.66, 35.25, 29.47, 28.14]",[]
29,Women 400 IM,Women,400,IM,False,False,2.0,"Harnish, Meaghan SKR",,SCAR-SC,,4:16.01,256.01,,B,False,False,False,,"[27.18, 31.18, 32.98, 32.75, 35.61, 36.77, 29.87, 29.67]",[]
29,Women 400 IM,Women,400,IM,False,False,3.0,"Abruzzo, Tori P",FR,SCAR-SC,,4:20.22,260.22,3.0,,False,False,False,,"[27.07, 31.01, 32.92, 32.07, 38.32, 38.79, 30.11, 29.93]",[]
29,Women 400 IM,Women,400,IM,False,False,4.0,"Chasser, Caroline S",JR,SCAR-SC,,4:22.02,262.02,,,True,False,False,,"[28.0, 32.23, 32.64, 31.7, 38.94, 39.13, 29.95, 29.43]",[]
29,Women 400 IM,Women,400,IM,False,False,5.0,"Deedy, Anne",SR,GTCH-GA,,4:25.77,265.77,2.0,,False,False,False,,"[28.2, 32.13, 35.78, 34.74, 36.17, 36.62, 31.74, 30.39]",[]
29,Women 400 IM,Women,400,IM,False,False,6.0,"Webb, Maria",FR,GTCH-GA,,4:29.87,269.87,1.0,,False,False,False,,"[27.45, 31.8, 34.17, 33.75, 40.25, 40.66, 31.45, 30.34]",[]
29,Women 400 IM,Women,400,IM,False,False,7.0,"Chunn, Kendal A",SR,GTCH-GA,,4:36.59,276.59000000000003,,,False,False,False,,"[27.61, 31.92, 35.31, 35.47, 38.34, 40.41, 33.64, 33.89]",[]
29,Women 400 IM,Women,400,IM,False,False,,"Yacoviello, Molly E",FR,SCAR-SC,,4:14.07,254.07,,B,True,False,False,,"[26.86, 30.77, 32.82, 32.71, 35.09, 36.14, 29.9, 29.78]",[]
29,Women 400 IM,Women,400,IM,False,False,,"Daniels, Grace O",JR,SCAR-SC,,4:27.64,267.64,,,True,False,False,,"[28.33, 32.38, 33.9, 32.84, 39.77, 39.04, 31.17, 30.21]",[]
30,Men 400 IM,Men,400,IM,False,False,1.0,"Erturk, Berk B",FR,GTCH-GA,,3:48.47,228.47,,B,False,False,False,,"[24.03, 27.51, 29.21, 28.46, 33.35, 33.22, 27.48, 25.21]",[]
30,Men 400 IM,Men,400,IM,False,False,2.0,"Prosinski, Raymon P",JR,SCAR-SC,,3:54.71,234.71,4.0,,False,False,False,,"[25.1, 28.68, 29.59, 30.05, 33.25, 34.32, 27.29, 26.43]",[]
30,Men 400 IM,Men,400,IM,False,False,3.0,"Gibbs, Henry C",JR,GTCH-GA,,3:55.21,235.21,3.0,,False,False,False,,"[24.58, 28.46, 30.36, 30.44, 33.69, 34.25, 27.4, 26.03]",[]
30,Men 400 IM,Men,400,IM,False,False,4.0,"Uhl, Tobin",FR,GTCH-GA,,3:57.09,237.09,2.0,,False,False,False,,"[25.25, 28.71, 31.74, 30.91, 32.5, 32.34, 28.1, 27.54]",[]
30,Men 400 IM,Men,400,IM,False,False,5.0,"Ficher, Merlin",FR,SCAR-SC,,4:00.41,240.41,1.0,,False,False,False,,"[24.84, 28.87, 29.79, 28.64, 35.38, 35.59, 29.15, 28.15]",[]
30,Men 400 IM,Men,400,IM,False,False,6.0,"Freeman, Harvey",SR,SCAR-SC,,4:02.69,242.69,,,False,False,False,,"[24.76, 29.16, 32.02, 31.74, 32.54, 33.16, 29.4, 29.91]",[]
30,Men 400 IM,Men,400,IM,False,False,7.0,"Cooper, Michael",SR,SCAR-SC,,4:06.71,246.71,,,True,False,False,,"[25.8, 29.63, 31.74, 31.45, 34.12, 35.59, 29.84, 28.54]",[]
31,Women 400 Freestyle Relay,Women,400,Freestyle,True,False,1.0,GTCH-GA,,GTCH-GA,A,3:16.70,196.7,11.0,,False,False,False,,"[23.82, 49.49, 23.47, 49.53, 23.34, 49.34, 22.82, 48.34]","[('Stanisavljevic, Nina', 'SO', 1), ('Hadjiloizou, Anna', 'SR', 2), ('Wright, Phoebe', 'SR', 3), ('Ferrari, Jillian D', 'JR', 4)]"
31,Women 400 Freestyle Relay,Women,400,Freestyle,True,False,2.0,SCAR-SC,,SCAR-SC,A,3:17.82,197.82,4.0,,False,False,False,,"[23.99, 49.41, 23.46, 49.57, 23.92, 49.85, 22.88, 48.99]","[('Riordan, Amy L', 'SR', 1), ('Scholes, Dylan A', 'SR', 2), ('Ottem, Ellery', 'JR', 3), ('West, Kara', 'JR', 4)]"
31,Women 400 Freestyle Relay,Women,400,Freestyle,True,False,3.0,SCAR-SC,,SCAR-SC,B,3:21.61,201.61,2.0,,False,False,False,,"[24.42, 50.41, 24.23, 50.82, 24.48, 50.59, 23.76, 49.79]","[('Gormley, Breckin F', 'SR', 1), ('Agliano, Jordan F', 'SR', 2), ('Chan, Samantha S', 'SO', 3)]"
31,Women 400 Freestyle Relay,Women,400,Freestyle,True,False,4.0,GTCH-GA,,GTCH-GA,B,3:21.95,201.95,,,False,False,False,,"[23.89, 50.17, 24.74, 51.8, 23.95, 50.53, 24.01, 49.45]","[('Masud, Zara', 'SO', 1), ('Segal, Yuval', 'FR', 2), ('Smith, Annabel', 'FR', 3), ('Gyurinovics, Lili', 'SO', 4)]"
31,Women 400 Freestyle Relay,Women,400,Freestyle,True,False,5.0,SCAR-SC,,SCAR-SC,C,3:24.02,204.02,,,True,False,False,,"[24.34, 50.37, 24.04, 50.69, 25.04, 51.59, 24.87, 51.37]","[('Grimley, Taylor O', 'SO', 1), ('Eaton, Emily T', 'JR', 2), ('Fluck, Nora', 'SO', 3), ('Reiser, Emma', 'SO', 4)]"
32,Men 400 Freestyle Relay,Men,400,Freestyle,True,False,1.0,GTCH-GA,,GTCH-GA,A,2:53.76,173.76,11.0,,False,False,False,,"[20.86, 43.85, 20.41, 42.94, 20.42, 43.36, 20.54, 43.61]","[('Yeboah, Robin', 'JR', 1), ('Balduccini, Ricky', 'JR', 2), ('Richardson, Chris E', 'SR', 3), ('Caballero, Joao', 'SR', 4)]"
32,Men 400 Freestyle Relay,Men,400,Freestyle,True,False,2.0,SCAR-SC,,SCAR-SC,A,2:53.90,173.9,4.0,,False,False,False,,"[21.07, 44.12, 20.5, 43.36, 20.63, 43.28, 20.44, 43.14]","[('Harrison, Bexon D', 'FR', 1), ('Hufford, Ryan G', 'JR', 2), ('Largeron, Pierre', 'JR', 3), ('Usmonov, Eldor', 'GS', 4)]"
32,Men 400 Freestyle Relay,Men,400,Freestyle,True,False,3.0,GTCH-GA,,GTCH-GA,B,2:59.29,179.29,2.0,,False,False,False,,"[21.63, 44.23, 21.51, 45.82, 21.43, 45.02, 20.87, 44.22]","[('Sega, Vitor', 'JR', 1), ('Johnson, Brodie', 'SO', 2), ('Gerhard, Ben M', 'SR', 3), ('Jones, Stephen R', 'SR', 4)]"
32,Men 400 Freestyle Relay,Men,400,Freestyle,True,False,4.0,SCAR-SC,,SCAR-SC,B,3:00.16,180.16,,,False,False,False,,"[21.29, 44.56, 21.2, 44.96, 21.33, 44.84, 21.77, 45.8]","[('Buck, Quinn O', 'SR', 1), ('Agustsson, Einar', None, 2), ('Korvick, Kyle A', 'SR', 3), ('Fry, Connor C', 'JR', 4)]"
32,Men 400 Freestyle Relay,Men,400,Freestyle,True,False,5.0,SCAR-SC,,SCAR-SC,C,3:14.23,194.23,,,True,False,False,,"[22.99, 48.05, 22.71, 49.17, 22.43, 47.16, 23.12, 49.85]","[('Whitacre, Tyler H', 'SO', 1), ('Carman, Jack T', 'SR', 2), ('Hulbert, Gage M', 'SR', 3), ('Prosinski, Raymond P', 'JR', 4)]"
